packageId,requestCount,p50Duration,pctOfTotal,runningPctOfTotal,rank
"newtonsoft.json",185534,"74.78038657405304","1.5206439792099264","1.5206439792099264",1
paket,34532,"585.7336553869769","0.2830256335231126","1.8036696127330392",2
fake,31029,"584.1818646655981","0.25431490740729357","2.057984520140333",3
perseuslibs,27209,"498.0784243238032","0.2230060367928406","2.2809905569331734",4
minet,19116,"298.20614266337674","0.15667548970311077","2.4376660466362843",5
"latticework.cs",19060,"366.4008560815626","0.1562165114951502","2.5938825581314346",6
ecosqlserver,16249,"390.67439932801364","0.1331774446634153","2.72706000279485",7
ecowpf,16186,"387.3693515641626","0.13266109417945965","2.8597210969743094",8
npgsql,15497,"67.54926768575437","0.1270140230136591","2.9867351199879684",9
"microsoft.entityframeworkcore",15285,"76.48547568594623","0.12527646265495124","3.1120115826429195",10
ecocore,14965,"391.1108697607401","0.12265373003803372","3.2346653126809533",11
serilog,14899,"121.09451347244661","0.12211279143579448","3.356778104116748",12
"selenium.webdriver",14803,"67.88485220450839","0.12132597165071922","3.478104075767467",13
entityframework,14021,"69.12613885137053","0.11491666881812701","3.593020744585594",14
"fake.sql",14016,"275.8714807291667","0.11487568862098768","3.707896433206582",15
ecowebproviders,13764,"367.1339128509779","0.11281028668516513","3.820706719891747",16
"system.data.sqlclient",13317,"74.23521329450273","0.10914665706090845","3.9298533769526554",17
ecowebmvc,13152,"355.7276834800593","0.10779431055531036","4.037647687507966",18
ecootherdatabasepersistencemappers,13085,"395.20201031746035","0.10724517591364326","4.144892863421609",19
ecowindowsstore,13062,"399.98812791166546","0.1070566670068023","4.251949530428412",20
"unipluss.sign.client",12722,"382.041826519331","0.10427001360132743","4.35621954402974",21
epplus,12715,"60.066361495286856","0.10421264132533235","4.460432185355072",22
"emailservice.emailapi",12690,"12.497194090629877","0.10400774033963568","4.564439925694708",23
"habanero.faces",12533,"221.66639241004756","0.10272096214946051","4.667160887844168",24
protogame,12323,"265.6556557213288","0.10099979386960839","4.768160681713776",25
ecowebasp,12058,"357.74403876342103","0.09882784342122357","4.866988525135",26
"awssdk.core",11526,"133.5697655287115","0.09446755044559817","4.961456075580598",27
ecowindowsforms,11434,"453.7196407526682","0.09371351481823438","5.055169590398832",28
"fake.gallio",11342,"289.36333331763734","0.0929594791908706","5.148129069589703",29
htmlagilitypack,11338,"79.3911546619909","0.09292669503315913","5.241055764622862",30
"paket.core",11125,"546.3344218537068","0.0911809386350234","5.332236703257886",31
itextsharp,10873,"53.25354255440985","0.08911553669920085","5.421352239957087",32
exceptionless,10839,"217.7996598354988","0.08883687135865335","5.51018911131574",33
hangfire,10517,"102.82039755879165","0.08619774666288009","5.5963868579786205",34
"fake.iis",10425,"282.1015513097777","0.0854437110355163","5.681830569014137",35
"paket.powershell",10328,"265.73241203905815","0.08464869521101318","5.76647926422515",36
"unipluss.sign.clientnet35",10292,"386.29163526249124","0.08435363779160997","5.8508329020167595",37
"emailservice.sendemailcommand.eventbuscommand",10284,"12.76370152087738","0.08428806947618703","5.935120971492947",38
"habanero.testability",10245,"218.0918788821276","0.0839684239385002","6.019089395431447",39
"swashbuckle.aspnetcore",10231,"51.80002802550149","0.08385367938651006","6.102943074817957",40
easynetq,9822,"178.5675293253581","0.08050149926051234","6.183444574078469",41
materialdesignthemes,9799,"202.7601279192031","0.0803129903536714","6.26375756443214",42
habanero,9663,"232.88067852564103","0.07919832899148145","6.342955893423621",43
"awssdk.securitytoken",9600,"125.53225615509679","0.07868197850752581","6.421637871931147",44
"fake.deploy.lib",9582,"262.15879865612226","0.0785344497978242","6.5001723217289715",45
"fake.experimental",9509,"270.13686960783133","0.07793613891958989","6.578108460648561",46
"unipluss.sign.models",9464,"339.3526199534066","0.07756731714533587","6.655675777793897",47
"olive.testing",9463,"61.8590255007562","0.07755912110590799","6.733234898899806",48
"awssdk.sqs",9218,"124.1811183294429","0.0755510914460805","6.8087859903458865",49
"awssdk.s3",9213,"133.18747351979113","0.07551011124894118","6.884296101594828",50
"stripe.net",9181,"143.15214493823095","0.07524783798724942","6.959543939582077",51
"fake.core",9039,"268.62857404665317","0.07408400038849226","7.033627939970569",52
"xamarin.forms",8988,"149.25797060931902","0.07366600237767104","7.10729394234824",53
"igor.gateway.dtos",8979,"337.7660573769611","0.07359223802282024","7.18088618037106",54
njsonschema,8968,"178.25479723907102","0.0735020815891137","7.254388261960174",55
"olive.security.aws",8842,"49.9247686900656","0.07246938062120242","7.326857642581376",56
"catel.core",8763,"260.70432551448823","0.0718218935064009","7.398679536087777",57
csvhelper,8750,"82.46732416597439","0.07171534499383862","7.470394881081616",58
"uno.ui",8738,"364.99783277037574","0.07161699252070422","7.542011873602321",59
"microsoft.aspnetcore.app",8688,"88.31679435837871","0.07120719054931085","7.6132190641516315",60
"catel.mvvm",8570,"215.97216706981544","0.07024005789682251","7.683459122048454",61
"tasksservice.tasksapi",8495,"12.36349765122265","0.06962535493973247","7.753084476988186",62
"olive.pdf",8227,"47.42976759428121","0.06742881637306404","7.82051329336125",63
nbitcoin,8166,"164.80075275493712","0.06692885796796413","7.887442151329214",64
"microsoft.entityframeworkcore.sqlserver",8149,"73.91769403189403","0.0667895252976904","7.954231676626905",65
jquery,8062,"55.99342215941703","0.06607646986746595","8.02030814649437",66
"awssdk.secretsmanager",7965,"110.09872833577712","0.06528145404296282","8.085589600537332",67
"habanero.smooth",7896,"234.29574074553267","0.06471592732243998","8.150305527859773",68
"olive.web",7848,"52.76065770392037","0.06432251742990235","8.214628045289675",69
restsharp,7804,"69.56360956334689","0.06396189169507618","8.278589936984751",70
moq,7748,"82.51699163397883","0.06350291348711562","8.342092850471866",71
dapper,7664,"64.40897293573711","0.06281444617517477","8.40490729664704",72
"microsoft.aspnet.mvc",7655,"63.50340468750001","0.06274068182032397","8.467647978467365",73
"olive.mvc.microservices",7599,"45.31301280864198","0.0622817036123634","8.529929682079729",74
"microsoft.extensions.configuration",7526,"65.16843742371765","0.06168339273412909","8.591613074813857",75
"olive.mvc.security",7513,"47.33310883062276","0.06157684422156681","8.653189919035423",76
neo4jclient,7329,"178.59599067055393","0.06006877296683923","8.713258692002263",77
"habanero.binding",7238,"235.86976710710755","0.05932293337890331","8.772581625381166",78
"hfea.register.eprssdk",7233,"228.75845597286397","0.05928195318176398","8.83186357856293",79
"gsf.pqdif",7198,"248.77478863678806","0.05899509180178862","8.890858670364718",80
"gsf.serviceprocess",7172,"252.40165378720596","0.05878199477666407","8.949640665141382",81
"gsf.timeseries",7063,"257.2913446456741","0.05788862647902654","9.00752929162041",82
msharp,7041,"142.3540500797448","0.05770831361161346","9.065237605232022",83
"olive.mvc",7027,"84.25086026531879","0.05759356905962332","9.122831174291646",84
"xamarin.uitest",7016,"191.67780221461803","0.05750341262591678","9.180334586917562",85
"mediabrowser.server.core",6910,"189.71078309797485","0.056634632446562846","9.236969219364125",86
"gsf.historian",6907,"243.53682470851336","0.05661004432827924","9.293579263692404",87
"streamcoders.mediasuite.x64",6840,"244.58112398018648","0.05606090968661214","9.349640173379017",88
npoi,6772,"53.9033089209953","0.05550357900551717","9.405143752384534",89
"oracle.manageddataaccess.core",6728,"46.92637221067223","0.055142953270691006","9.460286705655225",90
"cefsharp.winforms",6716,"60.89457225481059","0.055044600797556596","9.515331306452781",91
"peopleservice.projectsendpoint",6678,"12.226677694701282","0.05473315129929764","9.570064457752078",92
"peopleservice.projectsendpoint.msharp",6653,"12.2671841736316","0.05452825031360096","9.624592708065679",93
"system.identitymodel.tokens.jwt",6555,"64.60928149380807","0.053725038449669964","9.678317746515349",94
rebus,6421,"147.63664001254003","0.052626769166335755","9.730944515681685",95
"mediabrowser.common",6360,"203.64614973542825","0.05212681076123585","9.78307132644292",96
polly,6316,"66.97692078563412","0.051766185026409686","9.83483751146933",97
"nswag.core",6283,"137.13846152723156","0.05149571572529007","9.88633322719462",98
"microsoft.entityframeworkcore.tools",6170,"74.17882036363638","0.05056956326994107","9.93690279046456",99
"olive.entities",6140,"64.93307477374779","0.05032368208710505","9.987226472551665",100
"microsoft.identitymodel.clients.activedirectory",6092,"86.24575642857144","0.04993027219456742","10.037156744746232",101
"gsf.comtrade",6090,"253.10362834399334","0.049913880115711684","10.087070624861944",102
"olive.log.eventbus",6065,"46.262723474543776","0.049708979130015006","10.13677960399196",103
"gsf.net",6060,"233.88166002129947","0.049667998932875664","10.186447602924835",104
"microsoft.extensions.dependencyinjection.abstractions",6053,"64.6948452964427","0.049610626656880596","10.236058229581715",105
"peopleservice.pdpendpoint",6024,"12.826234159256824","0.04937294151347244","10.285431171095187",106
"peopleservice.pdpendpoint.msharp",6023,"12.908984160666918","0.049364745474044576","10.334795916569231",107
"nswag.annotations",6009,"139.9486289186958","0.049250000922054435","10.384045917491285",108
"streamcoders.mediasuite.x86",5989,"258.98694545375025","0.04908608013349709","10.433131997624782",109
"gsf.servicemodel",5979,"255.34920350847068","0.049004119739218414","10.482136117364",110
baselibs,5953,"125.72043394044667","0.04879102271409387","10.530927140078093",111
"microsoft.aspnetcore.authentication.jwtbearer",5946,"65.45613777089784","0.0487336504380988","10.579660790516192",112
"windowsazure.storage",5944,"82.08264624243974","0.048717258359243065","10.628378048875435",113
bootstrap,5938,"53.82487884214744","0.04866808212267586","10.67704613099811",114
ocelot,5937,"164.7571932938856","0.04865988608324799","10.72570601708136",115
"gsf.web",5916,"259.2115264542483","0.048487769255262776","10.774193786336623",116
"mysql.data",5906,"60.963031393939396","0.048405808860984105","10.822599595197607",117
"awssdk.lambda",5903,"124.82575543396933","0.04838122074270051","10.870980815940307",118
nlog,5893,"92.16590491953681","0.04829926034842183","10.919280076288729",119
"olive.integration",5886,"44.81806212238325","0.04824188807242676","10.967521964361156",120
"stackexchange.redis",5864,"73.42578281266775","0.04806157520501368","11.015583539566169",121
"documentformat.openxml",5856,"59.603551984301966","0.04799600688959074","11.06357954645576",122
"oracle.manageddataaccess",5844,"47.81672561105838","0.04789765441645633","11.111477200872216",123
"microsoft.aspnetcore.mvc.newtonsoftjson",5810,"59.72274618988081","0.04761898907590885","11.159096189948125",124
"gsf.seleventparser",5792,"257.04192331775283","0.04747146036620724","11.206567650314332",125
"olive.hangfire",5781,"51.89803341457687","0.047381303932500694","11.253948954246832",126
automapper,5683,"92.24934032085562","0.04657809206856971","11.300527046315402",127
"exceptionless.web",5680,"183.0295663819549","0.0465535039502861","11.347080550265687",128
"exceptionless.mvc",5657,"189.1371906044713","0.046364995043445156","11.393445545309133",129
"system.text.json",5634,"69.91647012987012","0.04617648613660421","11.439622031445737",130
postsharp,5634,"159.62472025641028","0.04617648613660421","11.48579851758234",131
"olive.microservices",5614,"49.91822538718207","0.04601256534804686","11.531811082930387",132
"exceptionless.webapi",5579,"181.49271385467597","0.04572570396807151","11.57753678689846",133
"awssdk.ec2",5536,"142.0999093725706","0.045373274272673216","11.622910061171133",134
"olive.entities.data.sqlserver",5476,"51.278680058506964","0.04488151190700118","11.667791573078134",135
"olive.encryption",5454,"45.41338233588579","0.0447011990395881","11.712492772117722",136
"mediabrowser.common.internal",5382,"175.16259164021164","0.04411108420078166","11.756603856318504",137
"olive.entities.data",5373,"68.77780756494052","0.04403731984593085","11.800641176164435",138
"awssdk.simplesystemsmanagement",5327,"117.11431849747474","0.04366030203224896","11.844301478196684",139
"netstandard.library",5327,"76.88468951336021","0.04366030203224896","11.887961780228933",140
"olive.aws.eventbus",5320,"50.867075455665024","0.043602929756253885","11.931564709985187",141
"gsf.core",5305,"252.51764370487712","0.04347998916483588","11.975044699150024",142
"gsf.communication",5272,"233.87498716555183","0.04320951986371625","12.01825421901374",143
"awssdk.simplenotificationservice",5249,"119.08051944701438","0.04302101095687531","12.061275229970615",144
"exceptionless.wpf",5202,"178.3311257786631","0.04263579710376555","12.10391102707438",145
twilio,5198,"123.58665581818182","0.04260301294605408","12.146514040020435",146
"nuget.build",5133,"59.669832888438144","0.04207027038324271","12.188584310403677",147
"awssdk.dynamodbv2",5129,"129.59237671711637","0.04203748622553124","12.230621796629208",148
"microsoft.extensions.options",5111,"65.60124162679426","0.04188995751582963","12.272511754145038",149
"gsf.media",5108,"237.88674483779263","0.04186536939754602","12.314377123542585",150
"gsf.emax",5078,"260.38852901844535","0.04161948821471","12.355996611757295",151
"system.net.http",5078,"71.39554631530386","0.04161948821471","12.397616099972005",152
"microsoft.extensions.configuration.abstractions",5050,"65.70398707430341","0.04138999911072972","12.439006099082734",153
"olive.aws",5022,"51.953591659663864","0.04116051000674944","12.480166609089483",154
litedb,5018,"60.39151684587814","0.04112772584903797","12.52129433493852",155
"olive.csv",5006,"48.0416449861199","0.04102937337590356","12.562323708314425",156
"olive.eventbus",4970,"49.53382222222222","0.04073431595650034","12.603058024270926",157
"olive.entities.data.replication",4924,"60.13394975943772","0.040357298142818444","12.643415322413745",158
awssdk,4922,"99.53159635854342","0.04034090606396271","12.683756228477707",159
nservicebus,4912,"220.23405748194014","0.04025894566968404","12.724015174147391",160
"takenet.iris.common",4879,"264.99141431760205","0.03998847636856442","12.764003650515956",161
"selenium.webdriver.chromedriver",4855,"82.91364717464697","0.039791771422295605","12.803795421938252",162
"awssdk.kinesis",4847,"106.10917857080598","0.039726203106872665","12.843521625045126",163
"mongodb.driver",4833,"58.54916729411765","0.039611458554882524","12.883133083600008",164
foundatio,4833,"137.5127978125685","0.039611458554882524","12.92274454215489",165
baselib,4821,"127.3415888867389","0.039513106081748114","12.962257648236637",166
xunit,4820,"71.9781964876856","0.03950491004232025","13.001762558278957",167
log4net,4771,"50.339883436274505","0.03910330411035475","13.040865862389312",168
"gitversion.commandline",4764,"136.31659241166452","0.039045931834359685","13.079911794223673",169
"awssdk.route53",4751,"123.5785049869426","0.03893938332179741","13.11885117754547",170
noodles,4736,"96.44604898391789","0.038816442730379395","13.157667620275848",171
"microsoft.extensions.primitives",4707,"64.97416783625731","0.03857875758697125","13.19624637786282",172
"microsoft.extensions.dependencyinjection",4638,"65.27553438161969","0.03801323086644841","13.23425960872927",173
olive,4626,"79.27411377844462","0.037914878393314","13.272174487122584",174
"microsoft.aspnet.webapi.client",4625,"61.03579627450981","0.03790668235388613","13.31008116947647",175
"microsoft.data.sqlclient",4619,"60.49146640567162","0.037857506117318925","13.34793867559379",176
"microsoft.extensions.configuration.binder",4614,"65.30384161955692","0.03781652592017959","13.38575520151397",177
"awssdk.cloudwatchlogs",4610,"116.66002785149634","0.037783741762468126","13.423538943276437",178
"microsoft.applicationinsights",4585,"93.68393464538495","0.03757884077677144","13.461117784053208",179
closedxml,4571,"66.9090128109742","0.0374640962247813","13.498581880277989",180
"exceptionless.windows",4569,"186.90663271204065","0.03744770414592556","13.536029584423915",181
"olive.audit",4564,"46.649179220901715","0.037406723948786226","13.5734363083727",182
"awssdk.cloudformation",4533,"111.7670197311617","0.03715264672652234","13.610588955099223",183
abp,4522,"89.88792455709898","0.0370624902928158","13.647651445392038",184
autofixture,4486,"95.04080803076924","0.03676743287341258","13.68441887826545",185
"quickpick.one",4473,"194.10484384771019","0.036660884360850306","13.721079762626301",186
"olive.apiproxygenerator",4416,"50.48739385138367","0.03619371011346187","13.757273472739763",187
"jquery.typescript.definitelytyped",4400,"102.84411461325271","0.036062573482615996","13.793336046222379",188
"microsoft.extensions.logging",4398,"66.00075681818183","0.03604618140376026","13.82938222762614",189
fluentvalidation,4392,"81.22632811020961","0.03599700516719306","13.865379232793332",190
"gsf.security",4382,"257.5518967342995","0.035915044772914385","13.901294277566246",191
dryioc,4368,"135.77279011591477","0.035800300220924244","13.93709457778717",192
"gitversion.tool",4367,"125.46475195981556","0.03579210418149638","13.972886681968665",193
"gsf.phasorprotocols",4346,"235.01128653333333","0.035619987353511164","14.008506669322177",194
"olive.apiclient",4330,"53.81656595155423","0.035488850722665284","14.043995520044842",195
"pomelo.entityframeworkcore.mysql",4318,"73.91695270701058","0.03539049824953088","14.079386018294372",196
"microsoft.net.compilers",4307,"76.59012682158921","0.03530034181582434","14.114686360110197",197
"microsoft.office.interop.excel",4292,"45.53434424688698","0.03517740122440633","14.149863761334602",198
gitversiontask,4292,"143.89246036507936","0.03517740122440633","14.185041162559008",199
"olive.mvc.paging",4273,"46.700099529411766","0.035021676475276854","14.220062839034284",200
"dryioc.dll",4266,"137.0259659565888","0.03496430419928178","14.255027143233566",201
"senparc.weixin.mp",4265,"186.49742","0.034956108159853914","14.28998325139342",202
unity,4262,"63.608139225806454","0.03493152004157031","14.32491477143499",203
"peopleservice.tendersendpoint",4251,"12.564257486057487","0.03484136360786377","14.359756135042854",204
"peopleservice.tendersendpoint.msharp",4246,"12.440581716008772","0.03480038341072444","14.394556518453578",205
nunit,4244,"56.90446426082629","0.0347839913318687","14.429340509785447",206
yamldotnet,4233,"93.43264667335116","0.03469383489816216","14.46403434468361",207
"system.drawing.common",4228,"61.87807330049261","0.03465285470102283","14.498687199384632",208
"ssh.net",4187,"53.49781196259234","0.03431681708448027","14.533004016469112",209
"rabbitmq.client",4176,"73.85102222222224","0.034226660650773726","14.567230677119886",210
"microsoft.netcore.app",4052,"81.56709238754325","0.03321035176171819","14.600441028881605",211
exchangeapi,4044,"139.16159997444058","0.03314478344629525","14.6335858123279",212
"microsoft.codedom.providers.dotnetcompilerplatform",4027,"57.91386195652174","0.0330054507760215","14.666591263103921",213
"awssdk.identitymanagement",4010,"111.4802545614035","0.03286611810574776","14.699457381209669",214
"mosaik.ui.core",4002,"244.94796834124955","0.032800549790324825","14.732257930999994",215
"microsoft.aspnetcore.blazor.templates",3993,"62.117849580592114","0.03272678543547402","14.764984716435468",216
reportgenerator,3960,"96.76623477341789","0.032456316134354395","14.797441032569822",217
"angularjs.typescript.definitelytyped",3960,"223.64575481489896","0.032456316134354395","14.829897348704176",218
irequestlog,3946,"12.087201666666667","0.032341571582364254","14.86223892028654",219
"microsoft.sqlserver.sqlmanagementobjects",3918,"71.00290671144006","0.03211208247838397","14.894351002764925",220
identitymodel,3913,"82.71539085154062","0.032071102281244636","14.92642210504617",221
"mosaik.ui",3892,"251.09807439521452","0.03189898545325942","14.958321090499428",222
"uno.ui.wpfhost",3880,"296.8915197979798","0.03180063298012501","14.990121723479554",223
simpleinjector,3868,"84.40104905808477","0.03170228050699061","15.021824003986545",224
"njsonschema.codegeneration",3832,"145.1298895068473","0.03140722308758739","15.053231227074132",225
"codentia.common.membership.dll",3818,"156.57808947368423","0.031292478535597246","15.08452370560973",226
quickpickoneclr,3814,"162.665873237013","0.031259694377885776","15.115783399987615",227
"awssdk.autoscaling",3809,"106.83447418941431","0.031218714180746437","15.14700211416836",228
"nuget.commandline",3804,"70.30485703863347","0.0311777339836071","15.178179848151968",229
"awssdk.ecs",3792,"111.90735901754387","0.031079381510472695","15.209259229662441",230
"z.entityframework.extensions",3774,"141.48958765034968","0.030931852800771084","15.240191082463213",231
"bitmiracle.docotic.pdf",3766,"144.71858712121212","0.030866284485348144","15.271057366948561",232
nest,3693,"87.19603381642513","0.030267973607113835","15.301325340555675",233
"dotnet-ef",3668,"63.22178602564104","0.030063072621417154","15.331388413177091",234
"rebus.rabbitmq",3655,"122.8916989640684","0.029956524108854878","15.361344937285946",235
"cefsharp.wpf",3650,"62.16259184076793","0.029915543911715543","15.39126048119766",236
"octopus.client",3640,"128.09149384615384","0.029833583517436868","15.421094064715097",237
"postsharp.patterns.model",3639,"136.71945452046035","0.029825387478009002","15.450919452193107",238
autofac,3633,"60.30528384435097","0.029776211241441797","15.480695663434549",239
consoleapptutorials,3610,"120.4873730206131","0.02958770233460085","15.51028336576915",240
"lime.protocol",3595,"213.22714739318653","0.02946476174318284","15.539748127512333",241
captcha,3584,"51.306685714285706","0.0293746053094763","15.569122732821809",242
itext7,3580,"51.8827475027569","0.029341821151764834","15.598464553973573",243
"microsoft.entityframeworkcore.design",3575,"73.87411027871148","0.029300840954625495","15.627765394928199",244
"windowsazure.servicebus",3569,"87.48892174084597","0.029251664718058294","15.657017059646257",245
"system.io.abstractions",3562,"102.7893399963557","0.029194292442063223","15.686211352088321",246
calcproject,3553,"122.20955439102566","0.029120528087212418","15.715331880175533",247
"microsoft.extensions.logging.abstractions",3549,"65.98279739035088","0.029087743929500948","15.744419624105035",248
formfactory,3547,"95.76649334893048","0.029071351850645213","15.77349097595568",249
"system.configuration.configurationmanager",3537,"62.032355","0.02898939145636654","15.802480367412047",250
"microsoft.codeanalysis.fxcopanalyzers",3514,"63.29349216678504","0.02880088254952559","15.831281249961572",251
mailkit,3506,"87.67374744383584","0.028735314234102655","15.860016564195675",252
"mediabrowser.apiclient",3501,"165.00257652116403","0.02869433403696332","15.888710898232638",253
"awssdk.cognitoidentityprovider",3499,"111.9577143992462","0.028677941958107585","15.917388840190746",254
"awssdk.keymanagementservice",3497,"109.20744533333334","0.02866154987925185","15.946050390069997",255
"autofixture.automoq",3493,"100.76338595724762","0.02862876572154038","15.974679155791538",256
"npgsql.entityframeworkcore.postgresql",3479,"55.869020253030314","0.02851402116955024","16.003193176961087",257
"mathnet.numerics",3449,"79.17600391400069","0.02826813998671422","16.0314613169478",258
"system.runtime.compilerservices.unsafe",3439,"63.27874465534466","0.028186179592435547","16.059647496540236",259
"nswag.aspnetcore",3438,"104.7687807936508","0.02817798355300768","16.087825480093244",260
fluentftp,3430,"81.57596297134239","0.028112415237584742","16.115937895330827",261
"htmlrenderer.pdfsharp",3422,"47.47932418300654","0.028046846922161802","16.14398474225299",262
"awssdk.simpleemail",3416,"109.42565260975866","0.0279976706855946","16.171982412938583",263
ajaxcontroltoolkit,3413,"59.38384196428572","0.027973082567310997","16.199955495505893",264
"languageext.core",3409,"117.48595064102565","0.02794029840959953","16.227895793915494",265
"popper.js",3383,"50.16506725732601","0.02772720138447498","16.25562299529997",266
"olive.export",3378,"46.32207925420167","0.027686221187335644","16.283309216487304",267
"olive.drawing",3370,"47.964607807363585","0.027620652871912704","16.310929869359217",268
"olive.globalsearch.source",3363,"45.824395424107145","0.027563280595917634","16.338493149955134",269
"rebus.azureservicebus",3344,"112.51158355555556","0.027407555846788157","16.365900705801923",270
"system.data.sqlite",3330,"55.10919817813765","0.027292811294798016","16.393193517096723",271
"font.awesome",3324,"53.266977648667115","0.02724363505823081","16.420437152154953",272
commandlineparser,3286,"61.75277847446671","0.026932185559971854","16.447369337714925",273
"gcop.all.geeks",3275,"49.09704352678572","0.026842029126265314","16.47421136684119",274
"awssdk.kinesisfirehose",3255,"105.69494070616884","0.026678108337707968","16.500889475178898",275
itinero,3244,"119.34756603031016","0.026587951904001428","16.5274774270829",276
"postsharp.patterns.common",3241,"128.81343342857141","0.026563363785717827","16.55404079086862",277
libplanet,3238,"256.21740463643727","0.026538775667434227","16.580579566536052",278
"google.apis.drive.v2",3234,"107.70678525066846","0.026505991509722757","16.607085558045775",279
"microsoft.identity.client",3231,"73.49383257682605","0.026481403391439156","16.633566961437214",280
"eo.webbrowser",3217,"95.72545643956045","0.02636665883944901","16.659933620276664",281
"easynetq.di.autofac",3209,"129.987012284822","0.026301090524026075","16.68623471080069",282
anglesharp,3195,"68.6189655357143","0.026186345972035934","16.712421056772726",283
"microsoft.visualstudio.web.codegeneration.design",3193,"66.93158985151051","0.0261699538931802","16.738591010665907",284
"bunifu.ui.winforms",3188,"48.83097748277809","0.026128973696040864","16.764719984361946",285
"google.apis.plus.v1",3182,"113.97682991071427","0.02607979745947366","16.79079978182142",286
umbracocms,3178,"110.47572126623378","0.02604701330176219","16.816846795123183",287
"system.memory",3143,"60.27994404040405","0.025760151921786836","16.84260694704497",288
dotnetzip,3139,"53.08523238017429","0.025727367764075366","16.868334314809047",289
"olive.email",3129,"54.20821945080092","0.025645407369796692","16.893979722178845",290
flexygo,3099,"239.9905848888889","0.025399526186960675","16.919379248365804",291
"cntk.gpu",3079,"143.79223137254903","0.02523560539840333","16.944614853764207",292
exceldatareader,3067,"51.28206767676768","0.025137252925268923","16.969752106689477",293
sharpziplib,3067,"47.148512700163394","0.025137252925268923","16.994889359614746",294
"microsoft.entityframeworkcore.sqlite",3059,"74.16884938755982","0.025071684609845983","17.01996104422459",295
fody,3041,"86.42738195217481","0.024924155900144372","17.044885200124735",296
"gsf.servicebus",3015,"249.99804424242424","0.024711058875019825","17.069596258999756",297
"microsoft.sharepointonline.csom",3011,"64.90022800802139","0.024678274717308355","17.094274533717066",298
"xamarin.forms.maps",3009,"131.1477366902834","0.02466188263845262","17.118936416355517",299
bogus,2995,"78.78119722222222","0.02454713808646248","17.14348355444198",300
jwt,2993,"59.17913393939394","0.024530746007606744","17.168014300449585",301
unitsnet,2985,"87.51346468253969","0.024465177692183804","17.192479478141767",302
"izumi.rpc.runtime.cs",2969,"188.5142446969697","0.02433404106133793","17.216813519203104",303
"postsharp.patterns.diagnostics",2946,"144.59344989010992","0.024145532154496982","17.2409590513576",304
"e2e.signedpackage",2944,"202.54838941176473","0.024129140075641247","17.26508819143324",305
"awssdk.rds",2941,"120.19881318721065","0.024104551957357646","17.289192743390597",306
"logicmonitor.api",2939,"171.34777083333333","0.02408815987850191","17.3132809032691",307
"microsoft.docascode.ecmahelper",2930,"178.22384582972586","0.024014395523651106","17.33729529879275",308
pdfsharp,2929,"49.468232601971266","0.02400619948422324","17.361301498276973",309
"microsoft.graph",2909,"71.73856976076557","0.023842278695665894","17.38514377697264",310
"azure.storage.blobs",2907,"57.49480859375","0.02382588661681016","17.40896966358945",311
"selenium.support",2900,"69.43795791208791","0.02376851434081509","17.432738177930265",312
sendgrid,2885,"63.700803807899966","0.02364557374939708","17.456383751679663",313
buildwebcompiler,2882,"91.19685084224166","0.023620985631113478","17.480004737310775",314
"findpackagesbyid()?id='newtonsoft.json'&semverlevel=2.0.0",2870,"9.086466061980348","0.02352263315797907","17.503527370468753",315
"nswag.msbuild",2866,"104.34288644781145","0.023489849000267602","17.52701721946902",316
"castle.core",2863,"53.69250952380952","0.023465260881983998","17.550482480351004",317
"njsonschema.codegeneration.csharp",2856,"101.00225422843823","0.023407888605988927","17.57389036895699",318
"microsoft.data.sqlite",2842,"71.56739250000001","0.023293144053998786","17.59718351301099",319
"google.apis",2841,"63.28977035886818","0.02328494801457092","17.62046846102556",320
"rebus.autofac",2834,"126.28630384785494","0.023227575738575847","17.643696036764137",321
"google.apis.calendar.v3",2834,"115.44174743589744","0.023227575738575847","17.666923612502714",322
"google.apis.sheets.v4",2833,"99.58882620320855","0.02321937969914798","17.690142992201864",323
"microsoft.typescript.msbuild",2833,"70.81496272108843","0.02321937969914798","17.713362371901013",324
"serenity.core",2816,"107.30707349567099","0.023080047028874236","17.736442418929887",325
"aspose.pdf",2807,"88.21188571428571","0.02300628267402343","17.75944870160391",326
"google.protobuf",2795,"58.90815494791667","0.022907930200889024","17.782356631804802",327
"sqlite-net-pcl",2781,"50.783594605532976","0.022793185648898883","17.8051498174537",328
"energycap.sdk",2779,"267.3798278971029","0.022776793570043148","17.82792661102374",329
"system.threading.tasks.extensions",2775,"60.13149882305195","0.02274400941233168","17.850670620436073",330
nativeui,2770,"44.80158241666667","0.022703029215192343","17.873373649651267",331
opentk,2761,"50.4386492997199","0.022629264860341537","17.89600291451161",332
"eo.pdf",2747,"87.44701948051949","0.022514520308351396","17.91851743481996",333
"senparc.weixin",2743,"141.97868225912376","0.022481736150639926","17.9409991709706",334
buildbundlerminifier,2731,"76.19736666666668","0.02238338367750552","17.963382554648106",335
identityserver4,2730,"71.61696167594596","0.02237518763807765","17.985757742286182",336
dawnx,2727,"95.94613986013985","0.02235059951979405","18.008108341805976",337
"citizenfx.core.client",2722,"166.32056545454546","0.022309619322654715","18.03041796112863",338
"nswag.codegeneration",2719,"118.57099504913076","0.02228503120437111","18.052702992333003",339
"awssdk.cloudfront",2706,"112.01979613095239","0.02217848269180884","18.074881475024814",340
"awssdk.cognitoidentity",2704,"116.331336","0.022162090612953104","18.097043565637765",341
naudio,2693,"59.39378807692309","0.022071934179246563","18.119115499817013",342
"awssdk.elasticbeanstalk",2687,"110.89693684210528","0.02202275794267936","18.141138257759692",343
"swashbuckle.aspnetcore.swagger",2687,"51.93425572712419","0.02202275794267936","18.16316101570237",344
"intersoft.crosslight",2675,"190.46910182291668","0.021924405469544953","18.185085421171916",345
"grpc.core",2672,"73.26429593253968","0.02189981735126135","18.206985238523178",346
"grpc.tools",2667,"70.83338492897727","0.021858837154122013","18.2288440756773",347
"awssdk.apigateway",2664,"110.16275463598902","0.021834249035838412","18.25067832471314",348
cronus,2660,"116.48192436666668","0.021801464878126942","18.272479789591266",349
mqttnet,2660,"65.91586493506495","0.021801464878126942","18.294281254469393",350
"abp.web",2648,"80.79209285714286","0.021703112404992536","18.315984366874385",351
entityframeworkprofiler,2643,"121.325250625","0.0216621322078532","18.33764649908224",352
"selenium.chrome.webdriver",2638,"63.13136145238096","0.02162115201071386","18.359267651092953",353
"microsoft.net.sdk.functions",2636,"64.85059264069265","0.021604759931858127","18.38087241102481",354
"serilog.sinks.elasticsearch",2634,"86.03306018648018","0.021588367853002395","18.402460778877813",355
"awssdk.cloudwatch",2631,"110.03874473684212","0.02156377973471879","18.424024558612533",356
"rf.common",2629,"193.9515458974359","0.021547387655863056","18.445571946268398",357
"system.io.abstractions.testinghelpers",2626,"99.79537602040816","0.021522799537579455","18.467094745805976",358
angularjs,2625,"73.96712399711399","0.02151460349815159","18.488609349304127",359
"google.apis.youtube.v3",2624,"78.94265321428571","0.02150640745872372","18.51011575676285",360
"rf.monitoring.contracts",2623,"182.9951042857143","0.021498211419295855","18.531613968182146",361
"rebus.castle.windsor",2620,"122.37174580867851","0.02147362330101225","18.55308759148316",362
"rf.messaging",2620,"196.43919375025803","0.02147362330101225","18.574561214784172",363
"rf.contracts",2620,"192.4798144013562","0.02147362330101225","18.596034838085185",364
"rf.messaging.contracts",2620,"191.05436559523812","0.02147362330101225","18.617508461386198",365
"umbracocms.core",2616,"112.94672026818421","0.021440839143300784","18.6389493005295",366
"jasmine.typescript.definitelytyped",2611,"87.91588141022413","0.021399858946161445","18.66034915947566",367
swashbuckle,2596,"57.39610666666666","0.02127691835474344","18.681626077830405",368
"hangfire.core",2595,"87.65200871212122","0.02126872231531557","18.70289480014572",369
"awssdk.elasticmapreduce",2580,"104.81606043447294","0.021145781723897562","18.72404058186962",370
"microsoft.net.test.sdk",2575,"74.12634024767803","0.021104801526758223","18.745145383396377",371
nunit3testadapter,2574,"54.4592770760234","0.021096605487330358","18.766241988883706",372
"extended.wpf.toolkit",2563,"56.29259775641026","0.021006449053623817","18.78724843793733",373
tesseract,2560,"51.1690828229665","0.020981860935340216","18.80823029887267",374
"microsoft.aspnetcore.mvc",2559,"65.1248681122449","0.020973664895912347","18.82920396376858",375
"awssdk.elasticloadbalancing",2553,"107.89134273504274","0.020924488659345146","18.850128452427928",376
"awssdk.cloudwatchevents",2543,"109.2434480357143","0.02084252826506647","18.870970980692995",377
"automapper.extensions.microsoft.dependencyinjection",2539,"49.305620440051015","0.020809744107355","18.89178072480035",378
"libphonenumber-csharp",2538,"70.86073846153847","0.020801548067927136","18.912582272868274",379
"system.management.automation",2532,"62.92927640692641","0.02075237183135993","18.933334644699634",380
"microsoft.teamfoundationserver.client",2518,"76.16921960317461","0.02063762727936979","18.953972271979005",381
"njsonschema.codegeneration.typescript",2491,"103.89262452876984","0.020416334214817373","18.974388606193823",382
"intersoft.crosslight.logging.entityframework",2490,"199.26948333333334","0.020408138175389508","18.994796744369214",383
"intersoft.crosslight.logging",2486,"191.26015701058202","0.020375354017678038","19.01517209838689",384
"abp.web.mvc",2481,"85.22984135198136","0.020334373820538702","19.03550647220743",385
"protobuf-net",2481,"63.37257989583333","0.020334373820538702","19.05584084602797",386
"intersoft.crosslight.services.barcode",2466,"193.84442933333335","0.020211433229120692","19.07605227925709",387
"google.apis.bigquery.v2",2465,"108.63337761904762","0.020203237189692826","19.096255516446785",388
"intersoft.crosslight.data",2451,"186.3826400519031","0.020088492637702682","19.11634400908449",389
"peanutbutter.ini",2444,"140.37530292119564","0.02003112036170761","19.136375129446197",390
"intersoft.crosslight.services.auth",2443,"194.32134038461538","0.020022924322279746","19.156398053768477",391
"intersoft.crosslight.services.location",2440,"198.42401641414142","0.01999833620399614","19.176396389972474",392
"intersoft.crosslight.services.reporting",2439,"192.65512303030303","0.019990140164568276","19.196386530137044",393
"microsoft.sqlserver.types",2438,"60.317182821969695","0.01998194412514041","19.216368474262186",394
"intersoft.appframework",2437,"206.04756742690057","0.01997374808571254","19.236342222347897",395
"stylecop.analyzers",2437,"55.80807440476191","0.01997374808571254","19.256315970433608",396
"awssdk.xray",2434,"96.8788701171875","0.01994915996742894","19.276265130401036",397
cake,2434,"117.84264688453159","0.01994915996742894","19.296214290368464",398
"system.valuetuple",2431,"58.03508285714286","0.019924571849145336","19.31613886221761",399
"mahapps.metro",2427,"289.5982711309524","0.01989178769143387","19.336030649909045",400
"microsoft.aspnet.webapi",2426,"60.5175217948718","0.019883591652006","19.355914241561052",401
"microsoft.netcore.platforms",2416,"68.04575","0.01980163125772733","19.37571587281878",402
"rf.api.client",2413,"197.31978479166668","0.019777043139443725","19.395492915958226",403
"ecenglish.api.servicecontract",2408,"156.32991049382719","0.01973606294230439","19.41522897890053",404
"gsf.windows",2406,"237.23442785714286","0.019719670863448654","19.434948649763978",405
"node.typescript.definitelytyped",2405,"110.17657692307692","0.01971147482402079","19.454660124588",406
"peanutbutter.utils",2404,"142.95608542016808","0.01970327878459292","19.474363403372593",407
"ecenglish.api.client",2402,"162.13484444444444","0.019686886705737188","19.49405029007833",408
"ecenglish.owin.oauth",2399,"157.08635250626565","0.019662298587453584","19.513712588665783",409
"peanutbutter.xmlutils",2399,"137.21535942717998","0.019662298587453584","19.533374887253235",410
"microsoft.aspnetcore.mvc.razor.runtimecompilation",2394,"59.639398047619046","0.01962131839031425","19.55299620564355",411
"peopleservice.dailytipsendpoint",2394,"11.933803050527905","0.01962131839031425","19.572617524033863",412
"awssdk.stepfunctions",2392,"98.72412233333334","0.019604926311458513","19.59222245034532",413
"peopleservice.dailytipsendpoint.msharp",2387,"11.97579198917025","0.019563946114319178","19.611786396459642",414
"easynetq.management.client",2386,"103.73001660839162","0.01955575007489131","19.631342146534532",415
"microsoft.csharp",2379,"70.26688557692309","0.019498377798896238","19.65084052433343",416
"intersoft.crosslight.restclient",2377,"188.36085623582767","0.019481985720040503","19.67032251005347",417
"microsoft.extensions.configuration.json",2370,"65.62297296296296","0.019424613444045433","19.689747123497515",418
"awssdk.simpleworkflow",2367,"109.2145267489712","0.019400025325761832","19.709147148823277",419
smartsql,2357,"115.8337016077441","0.01931806493148316","19.72846521375476",420
"microsoft.aspnetcore.mvc.versioning",2353,"62.554146354166676","0.01928528077377169","19.747750494528532",421
"awssdk.ecr",2346,"99.33491115967365","0.01922790849777662","19.766978403026307",422
"intersoft.crosslight.services.social",2330,"194.44143680861245","0.019096771866930744","19.786075174893238",423
"aspose.words",2330,"99.04737722222222","0.019096771866930744","19.80517194676017",424
"microsoft.crmsdk.coreassemblies",2330,"65.86139727272727","0.019096771866930744","19.8242687186271",425
mysqlconnector,2327,"91.9285852071006","0.01907218374864714","19.843340902375747",426
graphql,2321,"64.88631175","0.01902300751207994","19.862363909887826",427
"microsoft.azure.servicebus",2314,"64.63792142857142","0.018965635236084865","19.88132954512391",428
"microsoft.testplatform",2278,"66.10854750000001","0.018670577816681647","19.900000122940593",429
"conrabopto.api.client.types",2273,"155.00960194956556","0.018629597619542308","19.918629720560137",430
"microsoft.reportingservices.reportviewercontrol.winforms",2271,"58.0373576923077","0.018613205540686573","19.937242926100822",431
"dk.standard",2270,"195.34402087912088","0.018605009501258707","19.95584793560208",432
"microsoft.aspnet.signalr",2266,"62.15192263227514","0.018572225343547237","19.974420160945627",433
"elasticsearch.net",2260,"84.23725392857143","0.018523049106980036","19.99294321005261",434
"microsoft.windows.compatibility",2253,"82.23408068181818","0.01846567683098496","20.011408886883594",435
"mosaik.ui.api",2251,"126.39307699999999","0.01844928475212923","20.029858171635723",436
"lodash.typescript.definitelytyped",2249,"101.24146381766381","0.018432892673273495","20.048291064308998",437
"zxing.net",2248,"51.90746875000001","0.018424696633845626","20.066715760942845",438
"uno.ui.lottie",2242,"236.55855225896278","0.018375520397278425","20.085091281340123",439
"microsoft.aspnetcore.spaservices.extensions",2242,"62.425712845336484","0.018375520397278425","20.1034668017374",440
"intersoft.crosslight.logging.azureinsights",2241,"184.6517590909091","0.018367324357850556","20.12183412609525",441
"google.apis.drive.v3",2238,"99.39461644736843","0.018342736239566955","20.14017686233482",442
"awssdk.elasticache",2237,"114.71494618181819","0.018334540200139086","20.15851140253496",443
"microsoft.docascode.ecma2yaml",2235,"174.3212909090909","0.01831814812128335","20.176829550656244",444
"system.linq.dynamic.core",2221,"68.89761722727272","0.01820340356929321","20.195032954225535",445
"system.componentmodel.annotations",2220,"70.77829832167832","0.018195207529865344","20.2132281617554",446
"confluent.kafka",2216,"70.38763942486086","0.018162423372153874","20.231390585127553",447
sharepointpnpcoreonline,2215,"70.17568630494506","0.01815422733272601","20.24954481246028",448
"intersoft.crosslight.android.v7",2215,"188.40026438596493","0.01815422733272601","20.267699039793005",449
"util.biz",2215,"135.78244458333336","0.01815422733272601","20.28585326712573",450
"omnia.fx",2213,"132.7573270192308","0.018137835253870273","20.3039911023796",451
"microsoft.aspnetcore.identity.entityframeworkcore",2201,"68.0386004048583","0.018039482780735864","20.322030585160338",452
"intersoft.crosslight.ui.android.v7",2199,"187.32890369822488","0.01802309070188013","20.34005367586222",453
numpluginsvm,2196,"130.4319375","0.01799850258359653","20.358052178445817",454
"htmlagilitypack.cssselectors.netcore",2195,"45.71711844729345","0.017990306544168663","20.376042484989984",455
oauth2clienthandler,2192,"41.97464492240216","0.01796571842588506","20.39400820341587",456
tinymce,2192,"84.41474415584416","0.01796571842588506","20.411973921841753",457
"omnia.fx.models",2188,"124.03832261904762","0.017932934268173592","20.429906856109927",458
"omnia.fx.netcore",2187,"136.4197001984127","0.017924738228745723","20.447831594338673",459
"microsoft.entityframeworkcore.relational",2185,"73.90915869963369","0.017908346149889988","20.465739940488564",460
dynamicdata,2183,"85.6673","0.017891954071034253","20.483631894559597",461
"omnia.fx.netcore.worker",2181,"120.82564569838058","0.017875561992178518","20.501507456551774",462
"microsoft.aspnet.webapi.cors",2169,"59.743780836707145","0.017777209519044112","20.519284666070817",463
"jetbrains.resharper.commandlinetools",2164,"92.91542857142858","0.017736229321904776","20.537020895392722",464
"microsoft.azure.services.appauthentication",2162,"58.52702435185186","0.01771983724304904","20.55474073263577",465
nhibernate,2159,"67.22480540965209","0.01769524912476544","20.57243598176054",466
"bokamera.api.servicemodel",2156,"141.37601292929295","0.017670661006481837","20.59010664276702",467
"oracle.entityframeworkcore",2150,"45.89518050165521","0.017621484769914635","20.607728127536934",468
"microsoft.aspnet.webapi.core",2143,"59.823727272727275","0.017564112493919565","20.625292240030852",469
"omnia.fx.netcore.runtime",2142,"126.78670106951873","0.017555916454491696","20.642848156485343",470
drapo,2138,"138.822151291423","0.017523132296780226","20.660371288782123",471
"microsoft.extensions.http",2134,"62.77535909090909","0.01749034813906876","20.677861636921193",472
"xam.plugin.media",2130,"72.51996990740741","0.01745756398135729","20.69531920090255",473
"audit.net",2129,"78.85055324675325","0.01744936794192942","20.712768568844478",474
tesserae,2128,"101.08162795982143","0.017441171902501554","20.73020974074698",475
ilmerge,2125,"61.43981923076923","0.017416583784217954","20.747626324531197",476
"fluentvalidation.aspnetcore",2119,"65.01519283938283","0.01736740754765075","20.764993732078846",477
"util.core",2116,"148.95945313390314","0.01734281942936715","20.782336551508212",478
"codexmicroorm.core",2116,"50.21376398133118","0.01734281942936715","20.79967937093758",479
"microsoft.identitymodel.tokens",2114,"60.50097272727273","0.017326427350511413","20.81700579828809",480
"xskrape.apiwrapper.inproc",2111,"45.637881818181825","0.01730183923222781","20.83430763752032",481
"fake.lib",2111,"135.18303177083337","0.01730183923222781","20.851609476752547",482
ninject,2109,"64.88937272727273","0.017285447153372074","20.86889492390592",483
"citizenfx.core.server",2104,"177.54239166666667","0.01724446695623274","20.88613939086215",484
"util.logs",2102,"139.82540259615388","0.017228074877377004","20.903367465739528",485
grpc,2101,"71.82881","0.017219878837949138","20.920587344577477",486
"microsoft.azure.cosmos",2099,"61.733024404761906","0.017203486759093403","20.93779083133657",487
"z.entityframework.plus.efcore",2096,"88.37284545454546","0.017178898640809803","20.954969729977382",488
"abp.zero",2091,"76.26002916666668","0.017137918443670463","20.97210764842105",489
"propertychanged.fody",2088,"76.11952285353537","0.017113330325386863","20.989220978746438",490
"microsoft.azure.documentdb",2082,"74.57879766483518","0.017064154088819658","21.00628513283526",491
specflow,2075,"63.756425019841274","0.017006781812824587","21.023291914648084",492
"intersoft.crosslight.ui",2071,"194.67154360750362","0.01697399765511312","21.040265912303198",493
"atlassian.sdk",2071,"69.28246103569633","0.01697399765511312","21.057239909958312",494
messagepack,2067,"65.76978095238096","0.01694121349740165","21.074181123455713",495
"atoms.js",2061,"120.67333833203834","0.016892037260834446","21.091073160716547",496
bouncycastle,2059,"49.25353513986014","0.01687564518197871","21.107948805898527",497
"util.webs",2058,"145.9581685714286","0.016867449142550846","21.12481625504108",498
"servicestack.text",2055,"80.6371949404762","0.01684286102426724","21.141659116065345",499
"microsoft.codeanalysis",2052,"77.04466199999999","0.01681827290598364","21.158477388971328",500
metromodernui,2051,"45.486496190476196","0.016810076866555775","21.175287465837883",501
"nswag.aspnet.owin",2050,"94.3663853787879","0.016801880827127906","21.19208934666501",502
qrcoder,2040,"50.24462302144249","0.016719920432849235","21.20880926709786",503
"microsoft.extensions.caching.memory",2040,"66.3245514041514","0.016719920432849235","21.225529187530707",504
python,2038,"56.84481440935674","0.0167035283539935","21.2422327158847",505
"awssdk.certificatemanager",2034,"103.64496033057853","0.01667074419628203","21.258903460080983",506
"selenium.webdriverbackedselenium",2030,"69.26361686420722","0.01663796003857056","21.275541420119552",507
"foundatio.redis",2025,"119.74935627705628","0.016596979841431225","21.292138399960983",508
"lib.harmony",2021,"72.74932124183007","0.016564195683719755","21.308702595644704",509
sharpdx,2020,"56.05138021390375","0.01655599964429189","21.325258595288997",510
"util.datas",2019,"146.05808650793654","0.016547803604864023","21.341806398893862",511
"peanutbutter.windowsservicemanagement",2017,"162.5716051948052","0.01653141152600829","21.35833781041987",512
fluentassertions,2013,"72.52571331168832","0.01649862736829682","21.374836437788165",513
"awssdk.athena",2010,"97.50903738095238","0.016474039250013218","21.39131047703818",514
octopustools,2000,"104.56039555555556","0.016392078855734543","21.407702555893913",515
ironpdf,2000,"56.655429000000005","0.016392078855734543","21.424094634749647",516
"spire.pdf",1996,"94.6357892857143","0.016359294698023073","21.44045392944767",517
"lime.messaging",1994,"174.0912369117647","0.01634290261916734","21.45679683206684",518
"microsoft.windows.sdk.contracts",1993,"56.630266666666664","0.016334706579739473","21.47313153864658",519
"selenium.webdriver.iedriver",1990,"65.30944564393941","0.016310118461455872","21.489441657108035",520
"peanutbutter.databasehelpers",1984,"152.94297722222223","0.016260942224888667","21.505702599332924",521
"node.net",1981,"200.4365861904762","0.016236354106605067","21.52193895343953",522
"jetbrains.dotcover.commandlinetools",1981,"89.55354","0.016236354106605067","21.538175307546137",523
"google.apis.androidpublisher.v2",1977,"86.20958805147059","0.016203569948893597","21.55437887749503",524
"system.runtime",1973,"61.24336043956045","0.016170785791182127","21.57054966328621",525
"peanutbutter.randomgenerators",1973,"145.4454112626263","0.016170785791182127","21.586720449077394",526
imageprocessor,1972,"59.577970625000006","0.01616258975175426","21.602883038829148",527
"mmq.commonlibrary",1968,"123.10012619047619","0.01612980559404279","21.619012844423192",528
quartz,1967,"53.119642222222225","0.016121609554614922","21.63513445397781",529
"microsoft.azure.webjobs",1964,"70.96157638541668","0.01609702143633132","21.65123147541414",530
"uno.projecttemplates.dotnet",1959,"145.70337806122447","0.016056041239191986","21.66728751665333",531
"peanutbutter.serviceshell",1957,"148.94811963369963","0.01603964916033625","21.68332716581367",532
crossplatformlibrary,1956,"119.95290215488217","0.016031453120908385","21.69935861893458",533
"syncfusion.ej2.blazor",1951,"64.78707466666667","0.015990472923769046","21.715349091858346",534
"kentico.libraries",1946,"101.82093571428571","0.01594949272662971","21.731298584584977",535
"microsoft.aspnetcore.odata",1944,"59.3626","0.015933100647773975","21.74723168523275",536
"rebus.log4net",1940,"108.06135621015348","0.015900316490062506","21.763132001722813",537
"microsoft.entityframeworkcore.inmemory",1940,"73.33544938271605","0.015900316490062506","21.779032318212874",538
"mysql.data.entityframeworkcore",1938,"51.822207765151525","0.015883924411206774","21.79491624262408",539
"hangfire.sqlserver",1936,"77.56983047619048","0.01586753233235104","21.81078377495643",540
"telegram.bot",1935,"64.90060722222223","0.01585933629292317","21.826643111249354",541
"postsharp.patterns.diagnostics.enterpriselibrary",1924,"132.69878","0.01576917985921663","21.84241229110857",542
sqlsugar,1924,"90.54080083333335","0.01576917985921663","21.858181470967786",543
"moment.js",1924,"60.79380714285715","0.01576917985921663","21.873950650827002",544
"postsharp.patterns.diagnostics.nlog",1924,"136.44905","0.01576917985921663","21.889719830686218",545
"serilog.sinks.mssqlserver",1923,"79.91512976190477","0.015760983819788764","21.905480814506006",546
"microsoft.powerbi.api",1918,"64.30006666666668","0.01572000362264943","21.921200818128657",547
"sixlabors.imagesharp",1917,"48.15540552380953","0.01571180758322156","21.93691262571188",548
"restclient.net",1912,"57.916555","0.015670827386082224","21.95258345309796",549
"postsharp.patterns.threading",1911,"131.7436013888889","0.015662631346654358","21.968246084444615",550
"microsoft.extensions.hosting",1904,"65.32002333333335","0.015605259070659286","21.983851343515276",551
"serilog.sinks.file",1901,"61.68699353313354","0.015580670952375683","21.99943201446765",552
"nswag.codegeneration.csharp",1900,"86.92707070707071","0.015572474912947816","22.015004489380598",553
prototest,1893,"178.92168215811967","0.015515102636952745","22.03051959201755",554
"microsoft.azure.storage.blob",1890,"59.61833446553447","0.015490514518669143","22.04601010653622",555
nhibernateprofiler,1889,"120.70661302175192","0.015482318479241277","22.06149242501546",556
razorengine,1887,"66.178155","0.015465926400385542","22.076958351415843",557
"lime.transport.tcp",1886,"179.79901666666666","0.015457730360957675","22.0924160817768",558
"google.apis.storage.v1",1885,"89.86631000000001","0.015449534321529807","22.10786561609833",559
"codentia.common.webcontrols.dll",1884,"164.68134310897437","0.01544133828210194","22.123306954380432",560
mongocsharpdriver,1884,"65.18816296296298","0.01544133828210194","22.138748292662534",561
"ravendb.client",1882,"294.32971583333335","0.015424946203246205","22.15417323886578",562
playfaballsdk,1878,"113.00949796384172","0.015392162045534737","22.169565400911317",563
"pulumi.fsharp",1876,"131.4065893939394","0.015375769966679002","22.184941170877995",564
"igor.gateway.api.sdk.config",1875,"119.78494710825507","0.015367573927251134","22.200308744805245",565
"serilog.extensions.logging",1874,"61.69833262032086","0.015359377887823267","22.215668122693067",566
"microsoft.azure.cosmos.table",1874,"57.7128046875","0.015359377887823267","22.23102750058089",567
opencover,1869,"61.84134543650794","0.015318397690683931","22.246345898271574",568
"amazon.lambda.aspnetcoreserver",1863,"51.649190617283956","0.015269221454116726","22.26161511972569",569
"nlog.config",1861,"71.87108425","0.015252829375260993","22.27686794910095",570
"system.text.encoding.codepages",1860,"69.00139940476191","0.015244633335833126","22.292112582436783",571
"microsoft.ui.xaml",1856,"64.19200433884296","0.015211849178121656","22.307324431614905",572
"peanutbutter.trayicon",1856,"134.15188327380955","0.015211849178121656","22.322536280793027",573
"cloudcore.core",1854,"154.85493272144524","0.015195457099265921","22.337731737892295",574
"senparc.weixin.wxopen",1853,"101.52428690476191","0.015187261059838055","22.352918998952134",575
"dotnet-sonarscanner",1850,"46.961516989795925","0.015162672941554453","22.368081671893687",576
"intersoft.crosslight.services.imageloader",1841,"178.0979846590909","0.015088908586703647","22.383170580480392",577
"intersoft.crosslight.services.pushnotification",1841,"182.43556666666666","0.015088908586703647","22.398259489067097",578
"microsoft.aspnetcore.signalr.client",1841,"62.34596944444445","0.015088908586703647","22.413348397653802",579
"microsoft.owin",1839,"59.240971384615385","0.015072516507847912","22.42842091416165",580
fakeiteasy,1835,"71.875112987013","0.015039732350136444","22.443460646511785",581
"peanutbutter.simplehttpserver",1832,"154.4447146218488","0.015015144231852842","22.458475790743638",582
"radzen.blazor",1830,"91.02926190476191","0.014998752152997107","22.473474542896636",583
"nice.ldbnf",1829,"155.5400628117914","0.01499055611356924","22.488465099010206",584
"takenet.iris.client",1824,"154.1011","0.014949575916429904","22.503414674926635",585
mvvmcross,1821,"90.03689027777777","0.014924987798146301","22.51833966272478",586
"google.apis.adsensehost.v4_1",1821,"147.12334555555557","0.014924987798146301","22.533264650522927",587
"sfa.das.commitments.api.types",1817,"119.94943634672619","0.014892203640434833","22.548156854163363",588
nodatime,1815,"65.8693644345238","0.014875811561579098","22.563032665724943",589
"librdkafka.redist",1814,"64.7216495911496","0.014867615522151231","22.577900281247096",590
"lusid.sdk.preview",1813,"125.84740653846154","0.014859419482723363","22.592759700729818",591
"microsoft.azure.keyvault",1810,"62.29515277777778","0.014834831364439761","22.607594532094257",592
"system.net.http.formatting.extension",1800,"44.68355833333334","0.01475287097016109","22.622347403064417",593
"serilog.sinks.applicationinsights",1797,"68.97787749382717","0.014728282851877487","22.637075685916294",594
"peopleservice.officelayoutendpoint",1797,"13.644661888111889","0.014728282851877487","22.65180396876817",595
"peopleservice.officelayoutendpoint.msharp",1797,"13.636914793019482","0.014728282851877487","22.666532251620048",596
"firebirdsql.data.firebirdclient",1795,"61.05146746031747","0.014711890773021753","22.68124414239307",597
"microsoft.reportingservices.reportviewercontrol.webforms",1792,"59.22517210481827","0.01468730265473815","22.69593144504781",598
"microsoft.extensions.logging.console",1790,"65.6383375","0.014670910575882417","22.710602355623692",599
"intersoft.data.componentmodel.entityframework",1788,"152.14855304761903","0.014654518497026682","22.725256874120717",600
mediatr,1786,"51.40148094017094","0.014638126418170947","22.739895000538887",601
"microsoft.report.viewer",1779,"44.88998","0.014580754142175877","22.754475754681064",602
"monogame.framework.redpoint",1778,"165.45570195804197","0.014572558102748009","22.769048312783813",603
"util.ui.angular",1777,"142.45393277310924","0.014564362063320142","22.783612674847134",604
reactiveproperty,1777,"79.21003571428572","0.014564362063320142","22.798177036910456",605
"lusid.sdk",1776,"159.8534962121212","0.014556166023892274","22.81273320293435",606
"system.buffers",1773,"58.772152380952384","0.014531577905608674","22.827264780839958",607
"microsoft.jquery.unobtrusive.ajax",1773,"59.56874393939394","0.014531577905608674","22.841796358745565",608
"readyroll.msbuild",1769,"82.75046386946387","0.014498793747897204","22.856295152493463",609
"peanutbutter.databasehelpers.testability",1768,"161.1415277777778","0.014490597708469336","22.870785750201932",610
"util.tools.qrcode",1764,"142.1810755782679","0.014457813550757868","22.88524356375269",611
"abp.web.resources",1761,"78.23872194055944","0.014433225432474266","22.899676789185165",612
"util.applications",1759,"143.91606666666667","0.01441683335361853","22.914093622538783",613
"util.events",1758,"143.72880166975884","0.014408637314190663","22.928502259852973",614
"sfa.das.commitments.api.client",1755,"124.59835999999999","0.014384049195907063","22.94288630904888",615
"intersoft.crosslight.ui.datavisualization",1754,"203.481185","0.014375853156479195","22.95726216220536",616
"peanutbutter.fluentmigrator",1753,"134.3545232142857","0.014367657117051328","22.971629819322413",617
"google.apis.adsense.v1_4",1753,"145.06037337278107","0.014367657117051328","22.985997476439465",618
"util.security",1750,"140.36142242424242","0.014343068998767725","23.00034054543823",619
"awssdk.cloudsearchdomain",1750,"98.22463682200153","0.014343068998767725","23.014683614436997",620
"system.reactive",1748,"65.18078975812548","0.01432667691991199","23.029010291356908",621
"flurl.http",1747,"76.95317261904762","0.014318480880484123","23.04332877223739",622
taskscheduler,1742,"64.10963661338663","0.014277500683344787","23.057606272920737",623
"conrabopto.api.client",1741,"165.92899516666668","0.01426930464391692","23.071875577564654",624
"microsoft.applicationinsights.aspnetcore",1739,"137.02843650793653","0.014252912565061185","23.086128490129717",625
"coverlet.msbuild",1739,"52.085565714285714","0.014252912565061185","23.10038140269478",626
"autofixture.xunit",1738,"92.77223129629631","0.014244716525633317","23.114626119220414",627
"system.data.sqlite.core",1735,"50.64993055555556","0.014220128407349717","23.128846247627763",628
"omnia.fx.sharepoint",1732,"133.51370910714286","0.014195540289066114","23.14304178791683",629
"omnia.fx.netcore.webapp",1731,"134.32080504807695","0.014187344249638247","23.157229132166467",630
"omnia.fx.netcore.sharepoint",1730,"129.20731822916667","0.01417914821021038","23.171408280376678",631
"cloudcore.web",1729,"163.86066991452992","0.014170952170782512","23.18557923254746",632
"microsoft.aspnetcore",1728,"65.26628463203463","0.014162756131354646","23.199741988678817",633
"serenity.data.entity",1723,"118.02975428571429","0.014121775934215309","23.21386376461303",634
"peanutbutter.testutils.generic",1722,"146.21836923076918","0.014113579894787441","23.227977344507817",635
eventful,1721,"92.73588181818182","0.014105383855359574","23.242082728363176",636
"microsoft.crmsdk.xrmtooling.pluginregistrationtool",1721,"59.091","0.014105383855359574","23.256188112218535",637
winscp,1718,"58.554254778554785","0.014080795737075973","23.27026890795561",638
"microsoft.aspnetcore.all",1718,"88.70079834710744","0.014080795737075973","23.284349703692687",639
numpluginbase,1716,"137.40425192307694","0.014064403658220238","23.298414107350908",640
"omnicx.webstore.core",1714,"128.06989025974025","0.014048011579364503","23.312462118930274",641
"peanutbutter.tempdb.sqlce",1713,"126.69243703703705","0.014039815539936636","23.326501934470212",642
"microsoft.owin.security.oauth",1708,"59.35568003246753","0.0139988353427973","23.34050076981301",643
"google.apis.youtubeanalytics.v1",1707,"141.3431282828283","0.013990639303369433","23.354491409116378",644
"peanutbutter.tempdb",1704,"129.57411714285715","0.01396605118508583","23.368457460301464",645
"docusign.esign.dll",1703,"59.953947959595965","0.013957855145657963","23.382415315447123",646
"peanutbutter.tempdb.localdb",1702,"126.89647500000001","0.013949659106230096","23.396364974553354",647
"google.apis.auth",1700,"61.384221428571436","0.013933267027374362","23.41029824158073",648
"cntk.uwp.cpuonly",1699,"131.16294873015875","0.013925070987946495","23.424223312568675",649
"bioengine.brc.site",1698,"138.96769274725276","0.013916874948518627","23.43814018751719",650
"mvc.jquery.datatables",1695,"91.36789902597403","0.013892286830235025","23.452032474347426",651
"microting.eform",1693,"126.44609214285715","0.013875894751379292","23.465908369098806",652
"microsoft.visualstudio.services.client",1693,"77.99828385416666","0.013875894751379292","23.479784263850185",653
"aspose.cells",1691,"85.33832166666666","0.013859502672523557","23.49364376652271",654
"abp.web.api",1688,"86.86708458333334","0.013834914554239955","23.50747868107695",655
refit,1688,"66.69206818181819","0.013834914554239955","23.52131359563119",656
"microsoft.net.http",1682,"50.0880435261708","0.013785738317672751","23.535099333948864",657
"integritymarketinggroup.i2m.client",1681,"141.27680833333335","0.013777542278244884","23.54887687622711",658
"microsoft.web.webview2",1679,"55.555419996337","0.013761150199389149","23.562638026426498",659
"nswag.swaggergeneration",1678,"75.96948253968255","0.013752954159961282","23.57639098058646",660
"peanutbutter.tempdb.sqlite",1671,"127.4193520923521","0.013695581883966211","23.590086562470425",661
"servicestack.redis",1670,"75.17423571428571","0.013687385844538344","23.603773948314963",662
fspickler,1670,"70.18839571428572","0.013687385844538344","23.6174613341595",663
"i2m.client45.test",1663,"139.00740403846152","0.013630013568543273","23.631091347728045",664
"d3.typescript.definitelytyped",1663,"99.39167750000001","0.013630013568543273","23.64472136129659",665
"solinerp.domain.reporting",1662,"137.27820418181818","0.013621817529115406","23.658343178825707",666
gitinfo,1662,"81.09915303030303","0.013621817529115406","23.671964996354824",667
"microsoft.data.odata",1661,"63.37176666666667","0.013613621489687538","23.68557861784451",668
"microsoft.aspnet.web.optimization",1657,"47.88133060606061","0.01358083733197607","23.699159455176485",669
"intersoft.data.webapi.v4",1654,"197.7221973626374","0.013556249213692468","23.712715704390178",670
"awssdk.iot",1643,"109.20954725274726","0.013466092779985927","23.726181797170163",671
"cntk.cpuonly",1642,"140.55038996212122","0.01345789674055806","23.73963969391072",672
"rebus.mongodb",1640,"128.00757858796297","0.013441504661702325","23.753081198572424",673
"microsoft.aspnetcore.components.webassembly.templates",1640,"55.05655999000999","0.013441504661702325","23.766522703234127",674
"intersoft.crosslight.services.payment",1639,"145.35475","0.013433308622274459","23.779956011856402",675
"acr.userdialogs",1636,"74.34427111111111","0.013408720503990857","23.793364732360395",676
"dk.sqlite",1633,"144.673991875","0.013384132385707254","23.8067488647461",677
"nswag.codegeneration.typescript",1631,"85.95262470845482","0.01336774030685152","23.820116605052952",678
"emailspooler.win32service.db",1630,"132.71144285714286","0.013359544267423654","23.833476149320376",679
"nuget.server",1630,"67.31688875","0.013359544267423654","23.8468356935878",680
mimekit,1626,"90.15522804232806","0.013326760109712184","23.860162453697512",681
humanizer,1623,"70.50151319444443","0.013302171991428581","23.873464625688943",682
"peanutbutter.utils.entity",1618,"142.89679732142855","0.013261191794289246","23.88672581748323",683
"google.apis.tasks.v1",1617,"61.360060000000004","0.013252995754861378","23.899978813238093",684
toastr,1616,"50.92115824175825","0.01324479971543351","23.913223612953526",685
skiasharp,1615,"65.68295555555555","0.013236603676005643","23.926460216629533",686
benchmarkdotnet,1614,"57.1216681962482","0.013228407636577776","23.93968862426611",687
"util.ui.abstractions",1610,"150.32161111111114","0.013195623478866308","23.952884247744976",688
webrtc,1605,"60.350371428571435","0.01315464328172697","23.966038891026702",689
"emailspooler.win32service.entity",1605,"125.58926265273189","0.01315464328172697","23.97919353430843",690
"peanutbutter.testutils.entity",1604,"142.64481111111112","0.013146447242299103","23.992339981550728",691
"system.collections.immutable",1603,"66.78512727272728","0.013138251202871237","24.0054782327536",692
commonservicelocator,1603,"47.90255726495727","0.013138251202871237","24.01861648395647",693
"fontawesome.sharp",1601,"48.82818363636363","0.013121859124015502","24.031738343080487",694
"nuget.versioning",1600,"73.158495","0.013113663084587635","24.044852006165076",695
markdig,1600,"63.31169777777778","0.013113663084587635","24.057965669249665",696
"autofixture.idioms",1598,"84.85218814102564","0.0130972710057319","24.0710629402554",697
"nuget.frameworks",1597,"69.93106296296297","0.013089074966304032","24.0841520152217",698
"fake.x64",1588,"171.59083531986536","0.013015310611453227","24.097167325833155",699
"hochfrequenz.bo4enet",1586,"118.32128285984848","0.012998918532597492","24.110166244365754",700
"nservicebus.castlewindsor",1586,"154.25483686868688","0.012998918532597492","24.123165162898353",701
htmlsanitizer,1585,"59.02237272727273","0.012990722493169626","24.136155885391524",702
"senparc.co2net",1585,"77.79879423076923","0.012990722493169626","24.149146607884695",703
"serilog.aspnetcore",1585,"55.971833333333336","0.012990722493169626","24.162137330377867",704
"util.biz.payments",1583,"151.89699434202163","0.012974330414313891","24.17511166079218",705
"os33.api.client",1581,"158.31402363636363","0.012957938335458156","24.188069599127637",706
mdrivencorenetstandard,1581,"142.30766111111112","0.012957938335458156","24.201027537463094",707
"senparc.weixin.mp.mvc",1580,"89.35268083333334","0.012949742296030289","24.213977279759124",708
"abp.testbase",1576,"77.13332380952382","0.012916958138318821","24.226894237897444",709
"microsoft.extensions.logging.log4net.aspnetcore",1575,"54.37376041666667","0.012908762098890953","24.239802999996336",710
"mstest.testframework",1573,"62.018871102971104","0.012892370020035218","24.252695370016372",711
"awssdk.lex",1567,"106.31510185185185","0.012843193783468015","24.26553856379984",712
"senparc.weixin.work",1566,"101.01019860139861","0.012834997744040148","24.27837356154388",713
d3,1562,"68.02081066666668","0.012802213586328678","24.29117577513021",714
"identityserver4.accesstokenvalidation",1562,"62.47350000000001","0.012802213586328678","24.30397798871654",715
octokit,1560,"66.78332928571429","0.012785821507472943","24.316763810224014",716
"stylecop.msbuild",1560,"61.23891215277778","0.012785821507472943","24.32954963173149",717
marten,1557,"69.23387472527473","0.012761233389189343","24.342310865120677",718
"intersoft.crosslight.services.connectivity",1556,"150.94460242424242","0.012753037349761475","24.355063902470437",719
"dynamicweb.ecommerce",1554,"92.39664916666668","0.01273664527090574","24.367800547741343",720
"microsoft.aspnetcore.identity.ui",1553,"62.81692727272728","0.012728449231477873","24.38052899697282",721
"senparc.weixin.open",1553,"110.32430454545455","0.012728449231477873","24.3932574462043",722
"microsoft.azure.documentdb.core",1552,"70.73914292929294","0.012720253192050005","24.40597769939635",723
"crystalreports.engine",1544,"46.64066481481482","0.012654684876627067","24.418632384272975",724
"awssdk.redshift",1542,"105.35913601398603","0.012638292797771332","24.431270677070746",725
"abp.zero.entityframework",1540,"78.76480347222223","0.012621900718915599","24.44389257778966",726
"awssdk.storagegateway",1539,"107.90933313492064","0.012613704679487732","24.45650628246915",727
"awssdk.workspaces",1537,"105.6358570909091","0.012597312600631997","24.469103595069782",728
"finbourne.edplusidsdk",1537,"117.2405675","0.012597312600631997","24.481700907670415",729
"efcore.bulkextensions",1536,"62.70998","0.01258911656120413","24.49429002423162",730
"util.ui.core",1534,"153.07156250000003","0.012572724482348394","24.50686274871397",731
"ypf.msframework",1531,"161.58233928571428","0.012548136364064794","24.519410885078035",732
pulumi,1529,"146.50214583333334","0.012531744285209059","24.531942629363243",733
"moment.typescript.definitelytyped",1527,"84.25692927689595","0.012515352206353324","24.544457981569597",734
"awssdk.devicefarm",1524,"108.4203","0.012490764088069721","24.556948745657667",735
nsubstitute,1522,"56.03725909090909","0.012474372009213988","24.569423117666883",736
reactiveui,1521,"116.0608125","0.01246617596978612","24.581889293636667",737
mzlib,1519,"123.16650666666668","0.012449783890930386","24.594339077527597",738
"cntk.deps.cudnn",1518,"132.6398125714286","0.012441587851502518","24.606780665379098",739
"simpleinjector.integration.webapi",1518,"72.18490729166668","0.012441587851502518","24.6192222532306",740
"serenity.data",1517,"101.79980068681319","0.01243339181207465","24.631655645042674",741
"z.expressions.eval",1516,"91.60751331168832","0.012425195772646783","24.64408084081532",742
"awssdk.elasticsearch",1513,"106.10079687500001","0.012400607654363183","24.656481448469684",743
expandadditionalviewcontrolsproviderweb,1512,"129.00099646464648","0.012392411614935315","24.66887386008462",744
"google.apis.youtubereporting.v1",1510,"123.89859870129871","0.01237601953607958","24.6812498796207",745
dragablz,1509,"72.58553333333333","0.012367823496651713","24.693617703117354",746
"catel.serialization.json",1509,"118.60964004629629","0.012367823496651713","24.705985526614008",747
"microsoft.codeanalysis.csharp",1507,"75.91956270661157","0.012351431417795978","24.718336958031802",748
"intersoft.crosslight.services.connectivity.peripheral.nanohttpd",1507,"137.78766326530612","0.012351431417795978","24.730688389449597",749
"cg.sharedentities",1506,"106.70993","0.01234323537836811","24.743031624827964",750
"fsharp.compiler.service",1505,"83.16218398268398","0.012335039338940245","24.755366664166903",751
expandadditionalviewcontrolsproviderwin,1503,"120.63044722222223","0.01231864726008451","24.767685311426987",752
"awssdk.codepipeline",1502,"105.32373636363637","0.012310451220656642","24.779995762647644",753
"awssdk.polly",1500,"104.81541079545455","0.012294059141800907","24.792289821789446",754
"magick.net-q16-anycpu",1500,"79.96500662878788","0.012294059141800907","24.804583880931247",755
"plugin.permissions",1499,"56.05555972027972","0.01228586310237304","24.81686974403362",756
"awssdk.cloudtrail",1498,"109.54952121212122","0.012277667062945172","24.829147411096567",757
"google.apis.oauth2.v2",1497,"73.93664","0.012269471023517305","24.841416882120086",758
"postsharp.patterns.diagnostics.log4net",1495,"135.62054666666666","0.012253078944661572","24.853669961064746",759
"serilog.sinks.splunk",1495,"81.31528166666668","0.012253078944661572","24.865923040009406",760
"sfa.das.commitments.events",1493,"99.04072145833334","0.012236686865805837","24.87815972687521",761
"codentia.common.logging.dll",1492,"130.16728969155844","0.01222849082637797","24.890388217701588",762
"microsoft.exchange.webservices",1490,"44.94551558441559","0.012212098747522234","24.90260031644911",763
t4mvc,1488,"68.60830419580421","0.0121957066686665","24.914796023117777",764
expandimportwizardwin2,1487,"127.73509036363637","0.012187510629238634","24.926983533747016",765
"iptables.net",1486,"104.47855925925926","0.012179314589810766","24.939162848336828",766
"awssdk.mq",1486,"95.42233915289256","0.012179314589810766","24.95134216292664",767
"peanutbutter.simpletcpserver",1485,"128.02411","0.012171118550382899","24.963513281477024",768
"awssdk.route53domains",1483,"104.25733000000001","0.012154726471527164","24.975668007948553",769
"awssdk.mobileanalytics",1483,"111.092099375","0.012154726471527164","24.98782273442008",770
expandmodeldifferencewin,1482,"135.299240625","0.012146530432099296","24.99996926485218",771
expandpivotchartwin,1480,"121.94768013468014","0.012130138353243562","25.012099403205422",772
"awssdk.codecommit",1480,"104.9070901234568","0.012130138353243562","25.024229541558665",773
"autofixture.autofakeiteasy",1479,"87.92850000000001","0.012121942313815694","25.03635148387248",774
"lime.transport.http",1477,"132.09548","0.01210555023495996","25.04845703410744",775
"senparc.weixin.tenpay",1476,"66.07668547619049","0.012097354195532093","25.06055438830297",776
petapoco,1475,"82.3498380952381","0.012089158156104226","25.072643546459076",777
"intersoft.crosslight.services.connectivity.peripheral",1470,"155.33395000000002","0.012048177958964889","25.08469172441804",778
"google.apis.core",1470,"60.684604","0.012048177958964889","25.096739902377003",779
"jetbrains.resharper.sdk",1470,"92.32383456790123","0.012048177958964889","25.108788080335966",780
expandwizardwin,1467,"120.97343523809525","0.012023589840681288","25.120811670176646",781
"discord.net",1466,"53.041137500000005","0.01201539380125342","25.1328270639779",782
"serilog.sinks.console",1466,"59.93000555555556","0.01201539380125342","25.144842457779152",783
"serenity.services",1464,"127.2651890625","0.011999001722397686","25.15684145950155",784
"awssdk.awssupport",1464,"103.42771400000001","0.011999001722397686","25.168840461223947",785
"peanutbutter.utils.windsor",1464,"120.976966996337","0.011999001722397686","25.180839462946345",786
"awssdk.applicationautoscaling",1463,"103.47974","0.011990805682969818","25.192830268629315",787
"igor.gateway.api.sdk",1462,"134.45989523809527","0.01198260964354195","25.204812878272858",788
"awssdk.datapipeline",1460,"105.06856803030304","0.011966217564686217","25.216779095837545",789
"mosaik.library",1460,"141.0882625","0.011966217564686217","25.228745313402232",790
expandworldcreatorweb,1460,"129.06415885416666","0.011966217564686217","25.24071153096692",791
materialdesigncolors,1460,"70.12330800000001","0.011966217564686217","25.252677748531607",792
"awssdk.codebuild",1459,"105.67158227272728","0.01195802152525835","25.264635770056866",793
"googleanalyticstracker.core",1459,"84.86755837912088","0.01195802152525835","25.276593791582126",794
"gsf.web.mvc.security",1456,"149.2841566666667","0.011933433406974748","25.2885272249891",795
"awssdk.inspector",1454,"104.11746049382715","0.011917041328119013","25.300444266317218",796
"nlog.web.aspnetcore",1454,"59.81755941558442","0.011917041328119013","25.312361307645336",797
couchbasenetclient,1454,"77.60885253968253","0.011917041328119013","25.324278348973454",798
svg,1453,"51.180914285714294","0.011908845288691145","25.336187194262145",799
"microsoft.bcl.asyncinterfaces",1451,"58.178275500000005","0.011892453209835412","25.34807964747198",800
"microsoft.odata.core",1451,"71.17881000211909","0.011892453209835412","25.359972100681816",801
"autofixture.autonsubstitute",1450,"87.87148","0.011884257170407544","25.371856357852224",802
"awssdk.databasemigrationservice",1450,"108.94601347402599","0.011884257170407544","25.38374061502263",803
"microsoft.build",1449,"63.62445679012346","0.011876061130979677","25.39561667615361",804
"microsoft.ml",1449,"63.55166941558441","0.011876061130979677","25.407492737284592",805
"cntk.deps.mkl",1448,"124.1083521780303","0.01186786509155181","25.419360602376145",806
"devextreme.web",1445,"87.66206333333332","0.011843276973268207","25.431203879349415",807
"awssdk.awsmarketplacecommerceanalytics",1445,"106.04222485714286","0.011843276973268207","25.443047156322685",808
stateless,1445,"68.83675170068028","0.011843276973268207","25.454890433295954",809
"portable.bouncycastle",1444,"60.601887500000004","0.01183508093384034","25.466725514229793",810
"agilix.shared",1444,"126.20476857142857","0.01183508093384034","25.478560595163632",811
"os33.api.datacontracts",1443,"139.85123636363636","0.011826884894412472","25.490387480058043",812
"awssdk.elasticfilesystem",1441,"104.45736181818182","0.011810492815556739","25.5021979728736",813
"goservicepro.webservices",1441,"101.66249015873017","0.011810492815556739","25.514008465689155",814
"google.apis.gmail.v1",1441,"76.93474886363636","0.011810492815556739","25.52581895850471",815
"machine.specifications",1440,"80.49647326007326","0.011802296776128872","25.53762125528084",816
"awssdk.organizations",1438,"97.84671555555556","0.011785904697273137","25.549407159978113",817
"google.apis.peopleservice.v1",1437,"119.11639316303534","0.01177770865784527","25.56118486863596",818
"gembox.document",1435,"77.53894349206348","0.011761316578989534","25.57294618521495",819
"servicenow.api",1434,"52.98952181818182","0.011753120539561667","25.584699305754512",820
"awssdk.codedeploy",1433,"110.53542857142858","0.011744924500133801","25.596444230254647",821
xwt,1432,"89.87000000000002","0.011736728460705934","25.60818095871535",822
"microsoft.rest.clientruntime.azure.authentication",1431,"64.41916888888889","0.011728532421278066","25.619909491136628",823
"google.apis.adexchangebuyerii.v2beta1",1429,"123.88303055555556","0.011712140342422331","25.63162163147905",824
"mstest.testadapter",1428,"62.68231558441559","0.011703944302994464","25.643325575782043",825
"xamarin.forms.pages",1425,"97.75662166666667","0.011679356184710863","25.655004931966754",826
"catalyst.dataprocessing.engine.sqlserver",1424,"112.94383771862142","0.011671160145282996","25.666676092112038",827
"uno.ui.remotecontrol",1424,"113.10596913580248","0.011671160145282996","25.67834725225732",828
"abp.owin",1423,"71.55127692307693","0.011662964105855128","25.690010216363177",829
"awssdk.appstream",1422,"101.04241623376625","0.01165476806642726","25.701664984429605",830
"peanutbutter.tinyeventaggregator",1421,"130.98158033395177","0.011646572026999393","25.713311556456606",831
webgrease,1419,"47.781470454545456","0.011630179948143658","25.724941736404748",832
"unity.container",1418,"59.99719","0.01162198390871579","25.736563720313463",833
"postsharp.redist",1418,"87.11628004535147","0.01162198390871579","25.748185704222177",834
"emgu.cv",1417,"47.39729259259259","0.011613787869287923","25.759799492091464",835
gitforwindows,1417,"58.33504179894181","0.011613787869287923","25.77141327996075",836
"grpc.auth",1416,"71.5603553125","0.011605591829860058","25.78301887179061",837
"serilog.sinks.seq",1415,"73.41455555555555","0.01159739579043219","25.79461626758104",838
"awssdk.awsmarketplacemetering",1412,"105.96779082683985","0.011572807672148588","25.80618907525319",839
"ndesk.options.redpoint",1410,"137.56316666666666","0.011556415593292853","25.817745490846484",840
"cloudcore.virtualworker",1410,"150.01667410714288","0.011556415593292853","25.829301906439778",841
"orchestra.core",1406,"126.80680141414143","0.011523631435581385","25.840825537875357",842
"awssdk.glue",1404,"106.2137201814059","0.01150723935672565","25.852332777232082",843
"google.apis.cloudbuild.v1",1403,"136.1277411976912","0.011499043317297782","25.86383182054938",844
"captcha.asp.net.core.on.legacy.net.frameworks",1397,"46.13176244897959","0.01144986708073058","25.87528168763011",845
"rebus.serilog",1395,"71.37933916666665","0.011433475001874844","25.886715162631987",846
"swashbuckle.aspnetcore.swaggergen",1395,"51.60564121212122","0.011433475001874844","25.898148637633863",847
"google.apis.analyticsreporting.v4",1395,"74.55639861111112","0.011433475001874844","25.90958211263574",848
"nswag.swaggergeneration.webapi",1394,"78.2281380952381","0.011425278962446977","25.921007391598188",849
rexclient,1394,"107.39862954545455","0.011425278962446977","25.932432670560637",850
"google.apis.classroom.v1",1394,"118.37867012987014","0.011425278962446977","25.943857949523085",851
"microsoft.web.redissessionstateprovider",1393,"65.50595333333334","0.01141708292301911","25.955275032446103",852
"awssdk.budgets",1393,"97.88124791666668","0.01141708292301911","25.96669211536912",853
"rebus.nlog",1393,"112.68264500000001","0.01141708292301911","25.978109198292138",854
kubernetesclient,1392,"69.89573333333334","0.011408886883591242","25.989518085175728",855
sharpcompress,1391,"61.580434375","0.011400690844163374","26.00091877601989",856
"awssdk.appsync",1391,"92.49463625","0.011400690844163374","26.012319466864053",857
"awssdk.alexaforbusiness",1391,"94.89655555555557","0.011400690844163374","26.023720157708215",858
"awssdk.gamelift",1390,"104.93364924242425","0.011392494804735507","26.03511265251295",859
"logicmonitor.datamart",1389,"57.12597777777778","0.011384298765307641","26.046496951278257",860
"microsoft.netcore.universalwindowsplatform",1387,"71.36913542857144","0.011367906686451906","26.05786485796471",861
"govuk.education.managecourses.apiclient",1385,"139.57275267489715","0.011351514607596171","26.069216372572306",862
dynamicweb,1385,"77.604426446281","0.011351514607596171","26.080567887179903",863
embedio,1384,"81.09662424242426","0.011343318568168304","26.091911205748072",864
"awssdk.sagemaker",1383,"97.4772875","0.011335122528740436","26.103246328276814",865
"awssdk.lightsail",1382,"99.36958268398269","0.011326926489312569","26.11457325476613",866
"awssdk.cloudhsm",1382,"109.27415142857144","0.011326926489312569","26.125900181255442",867
"awssdk.opsworkscm",1381,"99.14170397727273","0.011318730449884701","26.137218911705325",868
"nswag.assemblyloader",1381,"118.17327","0.011318730449884701","26.14853764215521",869
"microsoft.azure.webjobs.extensions.storage",1379,"57.36231111111111","0.011302338371028968","26.159839980526236",870
"awssdk.opsworks",1378,"108.58042936507937","0.0112941423316011","26.171134122857836",871
"nuget.visualstudio",1378,"70.10783129629631","0.0112941423316011","26.182428265189436",872
"awssdk.pinpoint",1378,"105.48589256410258","0.0112941423316011","26.193722407521037",873
"microsoft.aspnetcore.blazor.httpclient",1377,"57.420387500000004","0.011285946292173233","26.20500835381321",874
masstransit,1376,"157.5895522857143","0.011277750252745366","26.216286104065954",875
"awssdk.clouddirectory",1374,"98.20936833333333","0.011261358173889631","26.227547462239844",876
"awssdk.costexplorer",1372,"95.89003181818182","0.011244966095033896","26.23879242833488",877
"system.diagnostics.diagnosticsource",1371,"65.91736022727274","0.01123677005560603","26.250029198390486",878
"nfield.sdk",1371,"115.45305736363638","0.01123677005560603","26.261265968446093",879
"microsoft.xaml.behaviors.wpf",1371,"64.65709464285715","0.01123677005560603","26.2725027385017",880
"awssdk.wafregional",1370,"97.87802500000001","0.011228574016178163","26.28373131251788",881
"ubiety.dns.core",1370,"47.90184613233025","0.011228574016178163","26.29495988653406",882
"nservicebus.ninject",1368,"151.14533333333333","0.011212181937322428","26.30617206847138",883
splat,1367,"68.85562723809524","0.01120398589789456","26.317376054369273",884
"microsoft.teamfoundationserver.extendedclient",1367,"74.409712","0.01120398589789456","26.328580040267166",885
"sonaranalyzer.csharp",1366,"59.82123119047618","0.011195789858466693","26.33977583012563",886
"peanutbutter.simplehttpserver.testability",1365,"114.74498333333334","0.011187593819038825","26.35096342394467",887
"microsoft.aspnetcore.mvc.core",1363,"66.55109107142856","0.01117120174018309","26.362134625684853",888
"neomode.lori.canonical",1362,"85.0859446969697","0.011163005700755225","26.373297631385608",889
"microsoft.aspnetcore.authentication.openidconnect",1361,"65.5429375","0.011154809661327357","26.384452441046935",890
"microsoft.web.infrastructure",1361,"45.13925795454546","0.011154809661327357","26.395607250708263",891
"nlog.schema",1359,"68.39489200000001","0.011138417582471622","26.406745668290736",892
expandiowin,1359,"125.31193117283952","0.011138417582471622","26.417884085873208",893
"awssdk.servermigrationservice",1358,"100.70290222222224","0.011130221543043755","26.429014307416253",894
"microsoft.research.cntk.cpueval-mkl",1357,"141.9292416666667","0.011122025503615888","26.44013633291987",895
"microsoft.aspnetcore.mvc.testing",1357,"61.95416585281386","0.011122025503615888","26.451258358423487",896
"nservicebus.host",1356,"168.15170104166668","0.01111382946418802","26.462372187887677",897
"jquery.ui.combined",1354,"51.961859545454544","0.011097437385332285","26.473469625273008",898
"cefsharp.common",1354,"60.31109372652141","0.011097437385332285","26.48456706265834",899
"awssdk.comprehend",1354,"96.60138857142857","0.011097437385332285","26.49566450004367",900
"shaolinq.postgres.dotconnect",1353,"150.110704","0.01108924134590442","26.506753741389574",901
"nuget.librarymodel",1353,"71.4973125","0.01108924134590442","26.517842982735477",902
libgit2sharp,1353,"64.24214125","0.01108924134590442","26.52893222408138",903
"awssdk.lexmodelbuildingservice",1353,"95.93765703125","0.01108924134590442","26.540021465427284",904
hslcommunication,1352,"65.88446404761905","0.011081045306476552","26.55110251073376",905
ajaxmin,1351,"59.35838666666667","0.011072849267048684","26.562175360000808",906
"uiatoms.xamarin.forms",1350,"139.94075","0.011064653227620817","26.57324001322843",907
"awssdk.importexport",1349,"106.80099434343434","0.01105645718819295","26.58429647041662",908
"orchestra.shell.taskrunner",1348,"129.29728111111112","0.011048261148765082","26.595344731565387",909
"gurux.dlms",1346,"118.55577875000002","0.011031869069909347","26.606376600635297",910
"qgil.entityframeworkcore",1345,"84.12753666666667","0.01102367303048148","26.61740027366578",911
"qgil.core.custom",1344,"82.70093333333334","0.011015476991053614","26.628415750656835",912
"awssdk.mediastoredata",1343,"93.49432857142858","0.011007280951625746","26.639423031608462",913
"pdf.core",1340,"50.22447386363636","0.010982692833342144","26.650405724441804",914
"orchestra.shell.mahapps",1339,"122.48790000000001","0.010974496793914277","26.661380221235717",915
"tinymce.jquery",1338,"88.15235629629629","0.010966300754486409","26.672346521990203",916
"yadayada.bisque.annotations",1338,"123.34646653061225","0.010966300754486409","26.68331282274469",917
"system.numerics.vectors",1337,"60.65120597402598","0.010958104715058542","26.694270927459748",918
"microsoft.aspnet.signalr.client",1336,"62.199003125000004","0.010949908675630674","26.70522083613538",919
perseusapi,1330,"124.57107420634921","0.010900732439063471","26.71612156857444",920
"awssdk.translate",1329,"93.28879111111111","0.010892536399635604","26.727014104974074",921
"microsoft.odata.client",1328,"67.31718660714287","0.010884340360207736","26.73789844533428",922
"awssdk.greengrass",1327,"97.66089691358025","0.010876144320779869","26.74877458965506",923
"azure.core",1326,"57.14105586734694","0.010867948281352003","26.75964253793641",924
"fake.core.x64",1325,"134.7392","0.010859752241924136","26.770502290178335",925
"spire.xls",1325,"82.75767285714286","0.010859752241924136","26.78136204242026",926
expandmodeldifferenceweb,1325,"133.99242678571431","0.010859752241924136","26.792221794662183",927
"angular-file-upload",1325,"76.750425","0.010859752241924136","26.803081546904107",928
"awssdk.mediastore",1323,"91.99233000000001","0.0108433601630684","26.813924907067175",929
"findpackagesbyid()?id='netstandard.library'&semverlevel=2.0.0",1322,"8.684869387755102","0.010835164123640533","26.824760071190816",930
"microsoft.extensions.caching.stackexchangeredis",1322,"60.36768808080809","0.010835164123640533","26.835595235314457",931
"peanutbutter.testutils.async",1320,"109.56943750000002","0.010818772044784798","26.846414007359243",932
"awssdk.pricing",1319,"90.63065","0.01081057600535693","26.8572245833646",933
"awssdk.migrationhub",1317,"99.31915555555557","0.010794183926501198","26.8680187672911",934
"materialdesignthemes.mahapps",1315,"75.48872707070707","0.010777791847645463","26.878796559138745",935
nancy,1313,"56.86773046464646","0.010761399768789728","26.889557958907535",936
"ical.net",1313,"63.88370333333334","0.010761399768789728","26.900319358676324",937
"awssdk.kinesisanalytics",1312,"99.824885","0.01075320372936186","26.911072562405685",938
"awssdk.marketplaceentitlementservice",1311,"94.89318441558441","0.010745007689933993","26.92181757009562",939
"fake.experimental.x64",1311,"137.01336944444444","0.010745007689933993","26.932562577785554",940
"util.tools.sms",1310,"170.20274271604939","0.010736811650506125","26.94329938943606",941
"awssdk.autoscalingplans",1310,"91.45240327380952","0.010736811650506125","26.954036201086566",942
"breeze.typescript.definitelytyped",1310,"105.68203917695473","0.010736811650506125","26.964773012737073",943
"nuget.dependencyresolver.core",1310,"71.0538962962963","0.010736811650506125","26.97550982438758",944
"peanutbutter.async",1310,"109.7638175","0.010736811650506125","26.986246636038086",945
"awssdk.serverlessapplicationrepository",1310,"93.78344571428572","0.010736811650506125","26.996983447688592",946
"xamarin.forms.googlemaps",1310,"81.99862261904761","0.010736811650506125","27.0077202593391",947
"awssdk.mobile",1308,"96.28291","0.010720419571650392","27.01844067891075",948
"sheshamobile.core",1307,"122.39909432098767","0.010712223532222525","27.029152902442974",949
"nuget.packaging",1305,"78.80752013888889","0.01069583145336679","27.039848733896342",950
"goservicepro.uicontroller",1304,"97.12463666666667","0.010687635413938922","27.05053636931028",951
"awssdk.acmpca",1304,"93.66963000000001","0.010687635413938922","27.061224004724217",952
"fake.deploy.lib.x64",1303,"133.73386952380955","0.010679439374511055","27.071903444098727",953
"sheshamobile.core.badges.droid",1303,"109.98241666666667","0.010679439374511055","27.082582883473236",954
"awssdk.kinesisvideomedia",1302,"93.81487551020409","0.010671243335083187","27.09325412680832",955
"awssdk.iotanalytics",1302,"92.33455333333333","0.010671243335083187","27.1039253701434",956
pluginproteomicruler,1302,"127.996025","0.010671243335083187","27.114596613478483",957
"fake.core.string",1301,"72.30443333333334","0.01066304729565532","27.125259660774137",958
"awssdk.workmail",1299,"94.72855000000001","0.010646655216799587","27.135906315990937",959
"fake.gallio.x64",1298,"136.37830000000002","0.01063845917737172","27.14654477516831",960
"kentico.languagepack.english",1298,"96.13125454545455","0.01063845917737172","27.15718323434568",961
"jetbrains.annotations",1297,"54.21910979591837","0.010630263137943852","27.167813497483625",962
"mono.cecil",1297,"51.52139523809524","0.010630263137943852","27.17844376062157",963
"fake.iis.x64",1296,"136.22746632034634","0.010622067098515984","27.189065827720086",964
canopy,1294,"84.86151363636364","0.01060567501966025","27.199671502739747",965
"sheshamobile.modules.events",1293,"112.501722","0.010597478980232382","27.21026898171998",966
"sheshamobile.modules.contacts",1293,"109.93901249999999","0.010597478980232382","27.220866460700215",967
"peanutbutter.ducktyping",1292,"108.32118750000001","0.010589282940804514","27.231455743641018",968
"microsoft.aspnetcore.authentication.google",1291,"65.89928416666666","0.010581086901376647","27.242036830542393",969
"xamarin.android.support.v7.cardview",1290,"74.9585492063492","0.010572890861948781","27.25260972140434",970
"xamarin.essentials",1290,"61.85704285714286","0.010572890861948781","27.263182612266288",971
"fizzcode.etlast.epplus",1289,"101.77563333333335","0.010564694822520914","27.273747307088808",972
"google.apis.toolresults.v1beta3",1289,"148.9045225","0.010564694822520914","27.284312001911328",973
"awssdk.servicediscovery",1288,"97.16658492063493","0.010556498783093046","27.29486850069442",974
"awssdk.chime",1288,"88.69425267857142","0.010556498783093046","27.305424999477513",975
"appmetrics.client",1287,"110.64488333333334","0.010548302743665179","27.315973302221177",976
"sheshamobile.core.ios",1287,"108.68208897569444","0.010548302743665179","27.326521604964842",977
"nservicebus.testing",1287,"173.201625","0.010548302743665179","27.337069907708507",978
"awssdkcpp-cloudsearchdomain.redist",1286,"90.31838922077922","0.010540106704237311","27.347610014412744",979
"sheshamobile.modules.home",1286,"116.74313148148148","0.010540106704237311","27.35815012111698",980
"awssdk.configservice",1286,"118.71818571428571","0.010540106704237311","27.36869022782122",981
"awssdk.transcribeservice",1285,"95.4036875","0.010531910664809444","27.37922213848603",982
"sheshamobile.modules",1285,"113.22309668367348","0.010531910664809444","27.389754049150838",983
"sheshamobile.modules.facilities",1285,"120.84674222222223","0.010531910664809444","27.400285959815648",984
"sheshamobile.modules.servicerequests",1285,"116.46436387755102","0.010531910664809444","27.410817870480457",985
"analyzere.client.test",1285,"99.87915616883116","0.010531910664809444","27.421349781145267",986
"awssdk.connect",1284,"90.92238499999999","0.010523714625381576","27.43187349577065",987
"fizzcode.etlast.adonet",1284,"100.06811666666667","0.010523714625381576","27.44239721039603",988
"twin.company.contracts",1284,"80.89907148148149","0.010523714625381576","27.452920925021413",989
"fsharpx.core",1284,"101.1712984","0.010523714625381576","27.463444639646795",990
"sheshamobile.modules.userprofile",1282,"117.341356","0.010507322546525843","27.473951962193322",991
"chrome.typescript.definitelytyped",1282,"123.36708000000002","0.010507322546525843","27.48445928473985",992
"awssdk.cloud9",1281,"93.79922857142857","0.010499126507097976","27.494958411246948",993
webwindow,1280,"45.66448068181818","0.010490930467670108","27.50544934171462",994
"shaolinq.sqlserver",1279,"133.613695","0.01048273442824224","27.51593207614286",995
"azure.security.keyvault.secrets",1279,"57.28120666666667","0.01048273442824224","27.5264148105711",996
"jquery.validation",1278,"48.699709642857144","0.010474538388814373","27.536889348959914",997
"sheshamobile.modules.leave",1276,"113.45430816326531","0.010458146309958638","27.54734749526987",998
servicestack,1275,"85.09194000000001","0.010449950270530771","27.5577974455404",999
"google.apis.gamesmanagement.v1management",1274,"106.8927542929293","0.010441754231102903","27.568239199771504",1000
